{
  "type": {
    "precision": 0.9473684210526315,
    "recall": 0.8372093023255814,
    "f1-score": 0.8888888888888888,
    "support": 43,
    "confused_with": {}
  },
  "date_time": {
    "precision": 0.8648648648648649,
    "recall": 0.9142857142857143,
    "f1-score": 0.888888888888889,
    "support": 35,
    "confused_with": {}
  },
  "number": {
    "precision": 1.0,
    "recall": 0.9545454545454546,
    "f1-score": 0.9767441860465117,
    "support": 44,
    "confused_with": {}
  },
  "business": {
    "precision": 0.9830508474576272,
    "recall": 0.9508196721311475,
    "f1-score": 0.9666666666666667,
    "support": 61,
    "confused_with": {}
  },
  "address": {
    "precision": 0.9615384615384616,
    "recall": 0.7575757575757576,
    "f1-score": 0.8474576271186441,
    "support": 33,
    "confused_with": {}
  },
  "micro avg": {
    "precision": 0.9554455445544554,
    "recall": 0.8935185185185185,
    "f1-score": 0.923444976076555,
    "support": 216
  },
  "macro avg": {
    "precision": 0.9513645189827169,
    "recall": 0.8828871801727312,
    "f1-score": 0.9137292515219201,
    "support": 216
  },
  "weighted avg": {
    "precision": 0.9569628856537867,
    "recall": 0.8935185185185185,
    "f1-score": 0.9224205827822305,
    "support": 216
  }
}