{
  "business": {
    "precision": 0.9830508474576272,
    "recall": 0.9508196721311475,
    "f1-score": 0.9666666666666667,
    "support": 61,
    "confused_with": {}
  },
  "type": {
    "precision": 0.9736842105263158,
    "recall": 0.8604651162790697,
    "f1-score": 0.9135802469135803,
    "support": 43,
    "confused_with": {}
  },
  "date_time": {
    "precision": 0.8918918918918919,
    "recall": 0.9428571428571428,
    "f1-score": 0.9166666666666667,
    "support": 35,
    "confused_with": {}
  },
  "address": {
    "precision": 0.96,
    "recall": 0.7272727272727273,
    "f1-score": 0.8275862068965517,
    "support": 33,
    "confused_with": {}
  },
  "number": {
    "precision": 0.9565217391304348,
    "recall": 1.0,
    "f1-score": 0.9777777777777777,
    "support": 44,
    "confused_with": {}
  },
  "micro avg": {
    "precision": 0.9560975609756097,
    "recall": 0.9074074074074074,
    "f1-score": 0.9311163895486936,
    "support": 216
  },
  "macro avg": {
    "precision": 0.953029737801254,
    "recall": 0.8962829317080174,
    "f1-score": 0.9204555129842487,
    "support": 216
  },
  "weighted avg": {
    "precision": 0.957489330951399,
    "recall": 0.9074074074074074,
    "f1-score": 0.9290116558661685,
    "support": 216
  }
}